prob,label
0.366482,0
0.420817,1
0.339252,0
0.399539,0
0.396111,0
0.392833,0
0.319877,0
0.781914,1
0.299190,0
0.454275,0
0.442107,0
0.294324,0
0.457127,0
0.454197,0
0.357318,0
0.321632,0
0.401245,0
0.559986,1
0.319040,0
0.354342,0
0.335174,0
0.403996,0
0.308086,0
0.299855,0
0.473097,0
0.991244,1
0.226778,0
0.367905,0
0.286363,0
0.339514,0
0.390728,0
0.369196,0
0.457239,0
0.381012,0
0.321911,0
0.356267,0
0.275188,0
0.311274,0
0.268256,0
0.376986,0
0.313289,0
0.258313,0
0.609765,0
0.305041,0
0.344163,0
0.472763,0
0.308531,0
0.443821,0
0.355717,0
0.309014,0
0.296795,0
0.312751,0
0.370061,0
0.337676,0
0.703595,1
0.396068,0
0.370480,0
0.621447,0
0.360435,0
0.277889,1
0.509636,0
0.220866,0
0.344760,0
0.349322,0
0.379944,0
0.340234,0
0.344843,0
0.389618,0
0.327074,0
0.308378,0
0.322283,0
0.397051,0
0.314626,0
0.324724,0
0.356048,0
0.350970,0
0.332881,0
0.515034,0
0.427442,0
0.407706,0
0.270701,0
0.331164,0
0.318821,0
0.330239,0
0.323664,0
0.210270,0
0.371486,0
0.259767,0
0.324056,0
0.745480,1
0.460214,0
0.310079,0
0.991642,1
0.437255,0
0.408230,0
0.282192,0
0.389913,0
0.307108,0
0.437713,0
0.400136,0
0.385712,0
0.299874,0
0.324463,0
0.300234,0
0.327787,0
0.269674,0
0.387145,0
0.281918,0
0.378929,0
0.354878,0
0.349051,0
0.290785,0
0.450152,0
0.614072,1
0.480444,0
0.332499,0
0.325089,0
0.364424,0
0.338528,0
0.315002,0
0.389533,0
0.309375,0
0.359884,0
0.329893,0
0.391634,0
0.473097,0
0.370036,0
0.278362,0
0.353287,0
0.466309,0
0.391456,0
0.369804,0
0.573517,0
0.337903,0
0.320168,0
0.328579,0
0.331553,0
0.299066,0
0.460261,0
0.411478,0
0.351839,0
0.402719,0
0.322370,0
0.375499,0
0.363036,0
0.323275,0
0.250672,0
0.342666,0
0.313263,0
0.369675,0
0.626520,0
0.309067,0
0.333183,0
0.319618,0
0.325325,0
0.342713,0
0.328274,0
0.318832,0
0.409617,0
0.390772,0
0.289039,0
0.459917,0
0.274615,0
0.382829,0
0.342653,0
0.464364,0
0.438125,0
0.286072,0
0.322533,0
0.324774,0
0.427829,0
0.298016,0
0.418469,0
0.345172,0
0.255911,0
0.704949,1
0.355228,0
0.379380,0
0.894547,1
0.388043,0
0.296818,0
0.343805,0
0.335408,0
0.325332,0
0.243997,0
0.321798,0
0.600820,0
0.335113,0
0.305778,0
0.991171,1
0.387839,0
0.311061,0
0.333794,0
0.472797,0
0.319637,0
0.373313,0
0.404652,0
0.410756,0
0.351717,0
0.340962,0
0.305687,0
0.332155,0
0.316688,0
0.310411,0
0.372090,0
0.314988,0
0.404000,0
0.367826,0
0.505648,0
0.289780,0
0.747984,0
0.987638,1
0.331896,0
0.504309,0
0.991486,1
0.741893,1
0.380917,0
0.404980,0
0.394017,0
0.369064,0
0.235964,0
0.303303,0
0.414079,0
0.348450,0
0.374043,0
0.991589,1
0.383747,0
0.309319,0
0.284126,0
0.408025,0
0.492410,0
0.364761,0
0.352662,0
0.345407,0
0.339202,0
0.319454,0
0.353028,0
0.358288,0
0.306346,0
0.386331,0
0.359627,0
0.244443,0
0.317325,0
0.897618,1
0.283854,0
0.330629,0
0.323267,0
0.339372,0
0.297468,0
0.342308,0
0.383692,0
0.341836,0
0.159933,0
0.370249,0
0.329745,0
0.322708,0
0.325684,0
0.365615,0
0.389119,0
0.320686,0
0.386030,0
0.318261,0
0.452140,0
0.409916,0
0.310836,0
0.489527,1
0.406753,0
0.370490,0
0.274407,0
0.404383,0
0.321788,0
0.319155,0
0.383826,0
0.385170,0
0.341555,0
0.397723,0
0.493300,1
0.339234,0
0.434538,0
0.361852,0
0.305391,0
0.329765,0
0.649504,0
0.298769,0
0.347118,0
0.282905,0
0.297994,0
0.370532,0
0.343338,0
0.371042,0
0.276293,0
0.301564,0
0.244143,0
0.426930,0
0.316216,0
0.308929,0
0.482035,0
0.297297,0
0.374418,0
0.343923,0
0.292527,0
0.330748,0
0.332436,0
0.338159,0
0.379652,0
0.348075,0
0.326167,0
0.359303,0
0.364600,0
0.305037,0
0.369666,0
0.468503,0
0.319303,0
0.333239,0
0.345703,0
0.366374,0
0.335945,0
0.310051,0
0.350883,0
0.358250,0
0.295290,1
0.399994,0
0.326524,0
0.348368,0
0.255783,0
0.409217,0
0.347479,0
0.288883,0
0.342156,0
0.340089,0
0.345289,0
0.322908,0
0.364867,0
0.341803,0
0.360402,0
0.332609,0
0.388459,0
0.323868,0
0.310572,0
0.373928,0
0.606138,0
0.329497,0
0.426645,0
0.381198,0
0.329392,0
0.394296,0
0.453047,0
0.417033,0
0.328797,0
0.334836,0
0.403108,0
0.866377,1
0.370997,0
0.357732,0
0.382163,0
0.320853,0
0.320505,0
0.336201,0
0.338534,1
0.322910,0
0.335399,0
0.292995,0
0.350540,0
0.360644,0
0.372360,0
0.207639,0
0.338710,0
0.425021,0
0.352473,0
0.431510,0
0.367695,0
0.510086,0
0.325662,0
0.388962,0
0.423823,0
0.299493,0
0.331188,0
0.436637,0
0.317311,0
0.328003,0
0.404488,0
0.260386,0
0.308402,0
0.231896,0
0.388080,0
0.408089,0
0.404479,0
0.407399,0
0.356758,0
0.328666,0
0.279142,0
0.420554,0
0.369622,0
0.313240,0
0.396407,0
0.380071,0
0.540736,1
0.278085,0
0.388701,0
0.336846,0
0.394637,0
0.212341,0
0.332893,0
0.386098,0
0.403674,0
0.270798,0
0.338188,0
0.303719,0
0.296267,0
0.611561,0
0.306976,0
0.344528,0
0.356567,0
0.379636,0
0.307107,0
0.381664,0
0.372222,0
0.496404,0
0.313729,0
0.392608,0
0.335268,0
0.347958,0
0.254940,0
0.454989,0
0.991331,1
0.372725,0
0.418791,0
0.433897,0
0.320405,0
0.352688,0
0.306405,0
0.344599,0
0.362256,0
0.530672,0
0.321082,0
0.345081,0
0.317033,0
0.443339,0
0.294746,0
0.687596,0
0.435073,0
0.322690,0
0.330684,0
0.319392,0
0.274352,0
0.366439,0
0.342797,0
0.314404,0
0.285401,0
0.325829,0
0.323586,0
0.337399,0
0.458741,0
0.343651,0
0.407961,0
0.308031,0
0.222186,0
0.340708,0
0.643011,0
0.380763,0
0.577420,1
0.408007,0
0.329823,0
0.446122,0
0.275146,0
0.352348,0
0.346328,0
0.189098,0
0.428920,0
0.290104,0
0.334497,0
0.311659,1
0.393304,0
0.412638,0
0.406846,0
0.298510,0
0.433272,0
0.318547,0
0.323252,0
0.322350,0
0.388963,0
0.398625,0
0.418486,0
0.431238,0
0.342241,0
0.313036,0
0.337595,0
0.463092,0
0.268274,0
0.338829,0
0.458915,0
0.323976,0
0.286000,0
0.367895,0
0.297713,0
0.351460,0
0.412621,0
0.335330,0
0.991440,1
0.305595,0
0.438098,1
0.345139,0
0.420222,0
0.364032,0
0.999303,1
0.347994,0
0.385959,0
0.358952,0
0.414602,0
0.489712,0
0.357219,0
0.339992,0
0.298574,0
0.304671,0
0.396270,0
0.451565,0
0.292618,0
0.321408,0
0.376718,0
0.426153,0
0.344663,0
0.239210,0
0.370862,1
0.283780,0
0.342144,0
0.284734,0
0.448484,0
0.362450,0
0.445326,0
0.384234,0
0.506813,0
0.317993,0
0.999955,1
0.361074,0
0.285167,0
0.287170,0
0.400977,0
0.348763,0
0.396494,0
0.440577,0
0.299472,0
0.313410,0
0.407929,0
0.308760,0
0.399308,1
0.419246,0
0.415729,0
0.388135,0
0.243128,0
0.378882,0
0.397660,0
0.293113,0
0.286509,0
0.328705,0
0.341460,0
0.326688,0
0.364687,0
0.347001,0
0.364142,0
0.418445,0
0.366297,0
0.296747,0
0.392645,0
0.318523,0
0.709147,1
0.510384,0
0.325733,0
0.343825,0
0.437072,0
0.319534,0
0.289698,0
0.337826,0
0.323914,0
0.309833,0
0.332502,0
0.349532,0
0.313825,0
0.324015,0
0.359392,0
0.319898,0
0.351319,0
0.305298,0
0.336691,0
0.400040,0
0.408850,0
0.329982,0
0.439154,0
0.260848,0
0.327928,0
0.505894,0
0.398128,0
0.281791,0
0.331426,0
0.349611,0
0.527945,1
0.306441,0
0.406369,0
0.333226,0
0.366987,0
0.338627,0
0.348782,0
0.335209,0
0.385601,0
0.291883,0
0.328020,0
0.281810,0
0.317048,0
0.351881,1
0.330130,0
0.570249,1
0.393153,0
0.314775,0
0.361836,0
0.401942,0
0.341957,0
0.346432,0
0.271764,0
0.324904,0
0.456411,0
0.349168,0
0.443476,0
0.403529,1
0.305878,0
0.383690,0
0.357144,0
0.281523,0
0.310415,0
0.309828,0
0.450318,0
0.348061,0
0.394172,0
0.307498,0
0.349331,0
0.330065,0
0.278827,0
0.433985,1
0.365038,0
0.363648,0
0.338411,0
0.686206,1
0.417474,0
0.345523,0
0.358423,0
0.618399,0
0.309446,0
0.476395,0
0.383936,0
0.263253,0
0.409881,0
0.382310,0
0.319180,0
0.368148,0
0.344719,0
0.302906,0
0.341535,0
0.325145,0
0.407272,0
0.311828,0
0.394238,0
0.304429,0
0.297498,0
0.301435,0
0.391023,0
0.448374,0
0.342379,0
0.225179,0
0.418900,0
0.387418,0
0.386909,0
0.318568,0
0.326935,0
0.450195,0
0.386370,0
0.331168,0
0.287250,0
0.387952,0
0.359604,0
0.352243,0
0.331330,0
0.377682,0
0.364625,0
0.249928,0
0.461609,0
0.342301,0
0.413439,0
0.269015,0
0.314474,0
0.476641,0
0.392098,0
0.357619,0
0.354957,0
0.380878,0
0.290973,0
0.303177,0
0.310711,0
0.271136,0
0.322523,0
0.353075,0
0.353718,0
0.337775,0
0.292181,0
0.331024,0
0.361331,0
0.367178,0
0.341649,0
0.331507,0
0.991784,1
0.377612,0
0.288234,0
0.482441,0
0.745234,1
0.334938,0
0.269543,0
0.572619,1
0.291094,0
0.418474,0
0.316637,0
0.991114,1
0.398157,0
0.401953,0
0.367954,0
0.332192,0
0.289720,0
0.421788,0
0.345575,0
0.410907,0
0.383462,0
0.316402,0
0.278546,0
0.303854,0
0.680681,0
0.410863,0
0.390269,0
0.341681,0
0.474899,0
0.310700,0
0.529204,0
0.389928,0
0.337665,0
0.363368,0
0.343477,0
0.341193,0
0.685849,0
0.339758,0
0.407036,0
0.400536,0
0.366900,0
0.298234,0
0.379551,0
0.373649,0
0.298834,0
0.295855,0
0.361268,0
0.358981,0
0.344086,0
0.453860,0
0.438277,0
0.356408,0
0.388451,0
0.454852,0
0.313417,0
0.568644,1
0.335451,0
0.412219,0
0.340687,0
0.387934,0
0.475307,0
0.356243,0
0.356598,0
0.405155,0
0.313637,0
0.480294,0
0.338724,0
0.295722,0
0.298817,0
0.418857,0
0.344153,0
0.311696,0
0.325688,0
0.323412,0
0.397029,0
0.325104,0
0.357780,0
0.381408,0
0.292422,0
0.373337,0
0.460524,0
0.531591,1
0.344898,0
0.357478,0
0.377509,0
0.361781,0
0.310972,0
0.332144,0
0.336220,0
0.424824,0
0.337128,0
0.422789,0
0.317982,0
0.473185,0
0.264544,0
0.436558,0
0.234914,0
0.284217,0
0.354174,0
0.333780,0
0.294884,0
0.620283,1
0.373252,0
0.379726,0
0.393605,0
0.426620,0
0.276164,0
0.497844,0
0.320009,0
0.359905,1
0.500897,0
0.294785,0
0.365089,0
0.375097,0
0.270789,0
0.395138,0
0.372665,0
0.242077,0
0.355932,0
0.387405,0
0.357465,0
0.349791,0
0.504625,0
0.386686,0
0.423416,0
0.336043,0
0.374332,0
0.376944,0
0.297578,0
0.309794,0
0.350622,0
0.379076,1
0.281840,0
0.315863,0
0.284547,0
0.509910,0
0.260799,0
0.330094,0
0.497476,0
0.314791,0
0.350703,0
0.325516,0
0.406162,0
0.344573,0
0.529377,0
0.366024,0
0.327455,0
0.278316,0
0.607159,0
0.342827,0
0.367839,0
0.333453,0
0.340937,0
0.390809,0
0.464828,0
0.305276,0
0.291807,0
0.427963,0
0.287307,0
0.302349,0
0.300683,0
0.395027,0
0.358661,0
0.272517,0
0.991428,1
0.343254,0
0.487273,0
0.438631,0
0.385885,0
0.357220,0
0.297231,0
0.304103,0
0.423003,0
0.332257,0
0.326023,0
0.399347,0
0.332470,0
0.298141,0
0.416629,0
0.633742,1
0.358444,0
0.346409,0
0.317813,0
0.387698,0
0.333367,0
0.355496,0
0.595010,0
0.364599,0
0.343181,0
0.320050,0
0.392140,0
0.360722,0
0.303563,0
0.327417,0
0.334918,0
0.304253,0
0.388767,0
0.373682,0
0.326361,0
0.357120,0
0.369203,0
0.347188,0
0.342698,0
0.312322,0
0.345279,0
0.527486,0
0.526962,1
0.273843,0
0.371506,0
0.346628,0
0.487139,0
0.321953,0
0.369054,0
0.344339,0
0.285080,0
0.599823,0
0.282012,0
0.254004,0
0.334604,0
0.340981,0
0.386330,0
0.359528,0
0.377117,0
0.319517,0
0.349658,0
0.360422,0
0.322319,0
0.471130,1
0.279184,0
0.311792,0
0.319148,0
0.295811,0
0.438234,0
0.372883,0
0.412450,0
0.346586,0
0.406891,0
0.363091,0
0.308795,0
0.348599,1
0.392991,0
0.330931,0
0.357661,0
0.359831,0
0.313389,0
0.342766,0
0.338226,0
0.450664,0
0.360751,0
0.322358,0
0.352050,0
0.353270,0
0.280135,0
0.524188,0
0.335252,0
0.346786,0
0.332660,0
0.385400,0
0.364030,0
0.344012,0
0.320289,0
0.304102,0
0.362124,0
0.278648,0
0.400076,0
0.339198,0
0.353898,0
0.286336,0
0.329685,0
0.360206,0
0.484856,0
0.301073,0
0.375105,0
0.386396,0
0.340372,0
0.360162,0
0.340848,0
0.578119,1
0.393526,0
0.352733,0
0.443322,0
0.329018,0
0.347199,0
0.343214,0
0.392013,0
0.991917,1
0.291902,0
0.258142,0
0.254608,0
0.346546,0
0.411565,0
0.363648,0
0.295468,0
0.309132,0
0.335134,0
0.418760,0
0.283640,0
0.358053,0
0.377120,0
0.339310,0
0.606574,1
0.195494,0
0.357616,0
0.330289,0
0.495483,0
0.347305,0
0.372588,0
0.376210,0
0.334495,0
0.346401,0
0.636981,0
0.314051,0
0.301695,0
0.365785,0
0.269992,0
0.351056,0
0.347199,0
0.320414,0
0.343834,0
0.527232,0
0.407517,0
0.306244,0
0.353386,0
0.383849,0
0.409792,0
0.264531,0
0.291549,0
0.276944,0
0.411896,0
0.357060,0
0.358670,0
0.932970,1
0.354168,0
0.392703,0
0.575404,0
0.328762,0
0.400819,0
0.470238,1
0.247595,0
0.289925,0
0.342468,0
0.350934,0
0.386866,0
0.379394,0
0.318610,0
0.332637,0
0.628279,0
0.409176,1
0.279089,0
0.370568,0
0.382576,0
0.393874,0
0.282931,0
0.327811,0
0.306288,0
0.327125,0
0.399992,0
0.626686,1
0.358698,0
0.305387,0
0.320858,0
0.319986,0
0.359901,0
0.343632,0
0.352419,0
0.331645,0
0.251493,0
0.366614,0
0.351206,1
0.266841,0
0.383145,0
0.336888,0
0.362179,0
0.322870,0
0.334384,0
0.300957,0
0.318602,0
0.363520,0
0.232348,0
0.337485,0
0.365232,0
0.434217,0
0.284972,0
0.349469,0
0.299160,0
0.379657,0
0.405304,0
0.991868,1
0.322454,0
0.313742,0
0.609319,1
0.960022,1
0.356140,0
0.333228,0
0.299930,0
0.344978,0
0.361916,0
0.294995,0
0.274010,0
0.323194,0
0.378601,0
0.352437,0
0.394498,0
0.629614,1
0.344073,0
0.296722,0
0.331199,0
0.254974,0
0.386234,0
0.399042,0
0.404015,0
0.498276,0
0.253429,0
0.311806,0
0.361692,0
0.343733,0
0.285647,0
0.503101,0
0.344943,0
0.286060,0
0.246979,0
0.398752,0
0.332797,0
0.403465,0
0.326781,0
0.407082,0
0.576368,0
0.358302,0
0.329499,0
0.284963,0
0.374345,0
0.297454,0
0.359744,0
0.295024,0
0.336951,0
0.371832,0
0.363489,0
0.401063,0
0.367024,0
0.395945,0
0.378365,0
0.314016,0
0.355463,0
0.343545,0
0.336929,0
0.467612,1
0.337785,0
0.326320,0
0.328866,0
0.345314,0
0.296039,0
0.295374,0
0.370542,0
0.352293,0
0.319702,0
0.308253,0
0.325949,0
0.322652,0
0.394289,0
0.375618,0
0.335221,0
0.335561,0
0.415124,0
0.675149,0
0.350413,0
0.295098,0
0.300300,0
0.348467,0
0.346818,0
0.393725,0
0.342633,0
0.346143,0
0.359264,0
0.302944,0
0.393749,0
0.392533,0
0.384926,0
0.392365,0
0.370966,0
0.581484,0
0.350769,0
0.339218,0
0.252191,0
0.397930,0
0.364252,0
0.281871,0
0.259290,0
0.922263,1
0.441403,0
0.342223,0
0.367288,0
0.331725,0
0.306992,0
0.273371,0
0.326959,0
0.322611,0
0.479873,0
0.360124,1
0.599038,0
0.373101,0
0.317847,0
0.325194,0
0.324298,0
0.351169,0
0.550579,0
0.368662,0
0.297984,0
0.355441,0
0.293502,0
0.290446,0
0.458317,0
0.375131,0
0.271125,0
0.309293,0
0.285999,0
0.303498,0
0.284712,0
0.359133,0
0.443999,0
0.280103,0
0.238350,0
0.288861,0
0.380336,0
0.222867,0
0.367430,0
0.356531,0
0.366220,0
0.244767,0
0.302817,0
0.361274,0
0.368347,0
0.469401,0
0.347729,0
0.355830,0
0.316810,0
0.346224,0
0.336002,0
0.725281,1
0.374506,0
0.361007,0
0.287130,0
0.271444,0
0.408925,0
0.330801,0
0.390516,0
0.326899,0
0.680125,1
0.206106,0
0.316503,0
0.361382,0
0.355470,0
0.384300,0
0.346267,0
0.341593,0
0.378811,0
0.356256,0
0.288659,0
0.327556,0
0.274295,0
0.331972,0
0.976740,1
0.370865,0
0.312264,0
0.396103,0
0.317146,0
0.231322,0
0.287666,0
0.297257,0
0.447241,0
0.364216,0
0.341742,0
0.475525,0
0.295606,0
0.518631,0
0.361329,0
0.339147,0
0.439977,0
0.309893,0
0.649270,1
0.350106,0
0.277508,0
0.374166,0
0.524928,0
0.929959,1
0.330709,0
0.425896,0
0.377196,0
0.419180,0
0.293034,0
0.439364,0
0.374316,0
0.385621,0
0.338525,0
0.285181,0
0.294809,0
0.359487,0
0.467821,0
0.400209,0
0.327184,0
0.329858,0
0.362415,0
0.437273,0
0.383491,0
0.393884,0
0.298067,0
0.428557,0
0.377259,0
0.325223,0
0.521442,0
0.346526,0
0.313804,0
0.414029,0
0.345992,0
0.313165,0
0.308922,0
0.339767,0
0.380964,0
0.351312,0
0.291988,0
0.421767,0
0.319053,0
0.317995,0
0.349892,0
0.359802,0
0.323880,0
0.250476,0
0.307039,0
0.403953,0
0.283728,0
0.315095,0
0.344697,0
0.308904,0
0.991401,1
0.374467,0
0.367511,0
0.355406,0
0.351605,0
0.303024,0
0.375994,0
0.469797,0
0.369397,0
0.319365,0
0.271123,0
0.350292,0
0.368185,0
0.530818,0
0.592799,0
0.375836,0
0.308495,0
0.365496,1
0.295246,0
0.350064,0
0.316127,0
0.355738,0
0.357580,0
0.347613,0
0.999955,1
0.328743,0
0.426060,0
0.382952,0
0.367484,0
0.359953,0
0.313301,0
0.337465,0
0.325181,0
0.368171,0
0.409654,0
0.393107,0
0.387349,0
0.341281,0
0.320012,0
0.334307,0
0.436157,0
0.360493,0
0.372574,0
0.663888,1
0.421623,0
0.338777,0
0.330718,0
0.367088,0
0.353782,0
0.322069,0
0.646899,1
0.335060,0
0.352603,0
0.347324,0
0.350666,0
0.335541,0
0.295370,0
0.324013,0
0.424916,0
0.359544,0
0.315041,0
0.308032,0
0.332479,0
0.427316,0
0.410993,0
0.365463,0
0.393775,0
0.347495,0
0.354523,0
0.395908,0
0.340866,0
0.276754,0
0.395051,0
0.415766,0
0.401671,0
0.301582,0
0.415807,0
0.326682,0
0.377596,0
0.355973,0
0.306853,0
0.326604,0
0.310211,0
0.999955,1
0.322460,0
0.361285,0
0.320216,0
0.445074,0
0.333751,0
0.292214,0
0.315416,0
0.308170,0
0.645609,1
0.393722,0
0.558544,1
0.322105,0
0.405115,0
0.371782,0
0.319494,0
0.261566,0
0.308896,0
0.335679,0
0.545883,0
0.387436,0
0.386743,0
0.376256,0
0.338755,0
0.274513,0
0.395508,0
0.350668,0
0.328038,0
0.358776,0
0.314480,0
0.360558,0
0.339054,0
0.309258,0
0.383783,0
0.359906,0
0.965008,1
0.333721,0
0.322706,0
0.368726,0
0.539900,0
0.438505,0
0.385727,0
0.329853,0
0.496509,0
0.248704,0
0.347626,0
0.319917,0
0.295812,0
0.235713,0
0.302294,0
0.372407,0
0.342763,0
0.467199,0
0.298403,0
0.376720,0
0.331689,0
0.321957,0
0.300716,0
0.349454,0
0.395740,0
0.296061,0
0.299474,0
0.328959,0
0.306961,0
0.361517,0
0.325057,0
0.385425,1
0.418289,0
0.307697,0
0.356352,0
0.219500,0
0.404356,0
0.360227,0
0.386793,0
0.339400,0
0.327956,0
0.365467,0
0.315958,0
0.326805,0
0.370452,0
0.658989,1
0.344901,0
0.340630,0
0.340665,0
0.377925,0
0.313003,0
0.284757,0
0.490677,0
0.316114,0
0.315805,0
0.394756,0
0.370342,0
0.366007,0
0.348614,0
0.866508,1
0.315274,0
0.436537,0
0.400048,0
0.304736,0
0.398235,0
0.346732,0
0.376947,0
0.272007,0
0.354962,0
0.947864,1
0.300660,0
0.832787,0
0.434464,0
0.277963,0
0.292847,0
0.269597,0
0.422244,0
0.314375,0
0.368858,0
0.301742,0
0.317917,0
0.367100,0
0.305144,0
0.367564,0
0.534982,0
0.656108,1
0.335080,0
0.405107,0
0.299577,0
0.312339,0
0.474030,0
0.331896,0
0.330445,0
0.396547,0
0.294880,0
0.382929,0
0.368094,0
0.381947,0
0.346490,0
0.439999,0
0.314680,0
0.365328,0
0.288711,0
0.344960,0
0.309017,0
0.308376,0
0.612426,1
0.366257,0
0.333927,0
0.660259,0
0.323508,0
0.330573,0
0.327151,1
0.289306,0
0.393568,0
0.367561,0
0.319098,0
0.999955,1
0.382330,0
0.334097,0
0.401459,0
0.340619,0
0.298314,0
0.315549,0
0.304391,0
0.371563,0
0.382505,0
0.312413,0
0.320416,0
0.369904,0
0.353384,0
0.426289,0
0.353998,0
0.265738,0
0.540551,0
0.346465,0
0.341513,0
0.357542,0
0.286560,0
0.283622,0
0.347415,0
0.769303,1
0.358256,0
0.313002,0
0.295710,0
0.333687,0
0.702596,1
0.461663,0
0.376185,0
0.264073,0
0.495656,0
0.373399,0
0.284596,0
0.357228,0
0.492991,0
0.300879,0
0.315698,0
0.270964,0
0.401736,0
0.300983,0
0.641085,0
0.397341,0
0.362137,0
0.629261,0
0.296382,0
0.341261,0
0.274774,0
0.351472,0
0.331386,0
0.404868,0
0.352255,0
0.356039,0
0.372102,0
0.406607,0
0.370718,0
0.329732,0
0.465286,0
0.523111,0
0.351974,0
0.307104,0
0.991773,1
0.372323,0
0.328197,0
0.379004,0
0.358528,0
0.351579,0
0.991421,1
0.303143,0
0.340422,0
0.342800,0
0.594790,0
0.372223,0
0.372684,0
0.327637,0
0.286073,0
0.402633,0
0.330915,0
0.305240,0
0.347173,0
0.290214,0
0.390739,0
0.338561,0
0.420816,0
0.439324,1
0.310966,0
0.341629,0
0.350106,0
0.343503,0
0.341452,0
0.381043,0
0.400687,0
0.347920,0
0.352944,0
0.340545,0
0.294204,0
0.336657,0
0.371247,0
0.283556,0
0.347793,0
0.413701,0
0.331398,0
0.421214,0
0.415868,0
0.284288,0
0.345604,0
0.421564,0
0.973203,1
0.795656,1
0.271656,0
0.395600,0
0.345850,0
0.353851,0
0.319247,0
0.363230,0
0.297431,0
0.426448,0
0.370808,0
0.315202,0
0.357100,0
0.389823,0
0.313105,0
0.357147,0
0.298181,0
0.325290,0
0.440921,0
0.283948,0
0.395797,0
0.346083,0
0.330865,0
0.370360,0
0.292043,0
0.367450,0
0.329734,0
0.317938,0
0.402106,0
0.371955,0
0.322069,0
0.317017,0
0.259844,0
0.360478,0
0.452043,0
0.382619,0
0.257823,0
0.343908,0
0.284355,0
0.420007,0
0.321670,0
0.361945,0
0.336047,0
0.393759,0
0.435022,0
0.325400,0
0.626597,0
0.347773,0
0.382728,0
0.493347,1
0.372285,0
0.552771,0
0.378073,0
0.387846,0
0.326320,0
0.410793,0
0.374653,0
0.365446,0
0.337971,0
0.313877,0
0.347752,0
0.326522,0
0.370349,1
0.499460,0
0.368713,0
0.330477,0
0.375180,0
0.385007,0
0.332434,0
0.413987,0
0.520579,0
0.335362,0
0.333533,0
0.287249,0
0.268766,0
0.293033,0
0.364874,0
0.342329,0
0.290994,0
0.340468,0
0.386652,0
0.333010,0
0.313487,0
0.363604,0
0.325760,0
0.306534,0
0.408761,0
0.316176,0
0.442006,0
0.374492,0
0.481043,0
0.591296,0
0.228377,0
0.391683,0
0.311292,0
0.404072,0
0.301498,0
0.398122,0
0.312788,0
0.439706,0
0.273312,0
0.337968,0
0.416771,0
0.370717,0
0.384236,0
0.375532,0
0.469172,0
0.339822,0
0.300526,0
0.402466,0
0.497508,0
0.346697,0
0.450361,0
0.396254,0
0.252476,0
0.360945,0
0.313246,0
0.512860,0
0.349775,0
0.335729,0
0.369261,0
0.343416,0
0.517976,0
0.326813,0
0.410174,0
0.376637,0
0.341844,0
0.338866,0
0.313233,0
0.471560,0
0.382660,0
0.354843,0
0.662172,0
0.312130,0
0.341008,0
0.416140,0
0.322476,0
0.308664,0
0.380001,0
0.397377,0
0.481797,0
0.351866,0
0.382997,0
0.346961,0
0.546804,0
0.361003,0
0.401867,0
0.581753,0
0.311141,0
0.399324,0
0.269779,0
0.291585,0
0.385284,0
0.349112,0
0.282374,0
0.399335,0
0.339285,0
0.328980,0
0.317282,0
0.465300,0
0.357446,0
0.408067,0
0.318396,0
0.328134,0
0.443095,0
0.300549,0
0.356124,0
0.370412,0
0.463886,0
0.338284,0
0.325572,0
0.414217,1
0.342689,0
0.356273,0
0.381102,0
0.353425,0
0.516201,0
0.382322,0
0.336340,0
0.376823,0
0.321622,0
0.311968,0
0.342879,0
0.333981,0
0.330491,0
0.277242,0
0.314535,0
0.363141,0
0.288405,0
0.991130,1
0.307728,0
0.307128,0
0.388644,0
0.272320,0
0.370795,0
0.280644,0
0.400130,0
0.871465,1
0.290514,1
0.384740,0
0.399273,0
0.348940,0
0.338737,0
0.447757,0
0.416621,0
0.335630,0
0.374091,0
0.338153,0
0.381882,0
0.433310,0
0.270584,0
0.380678,0
0.333047,0
0.304448,0
0.329609,0
0.403326,0
0.384841,0
0.357726,0
0.399121,0
0.370625,0
0.297049,0
0.309170,0
0.347351,0
0.354895,0
0.327219,0
0.351317,0
0.348705,0
0.608327,0
0.357224,0
0.410162,0
0.406279,0
0.394884,0
0.358864,0
0.320609,0
0.320399,0
0.414715,0
0.388860,0
0.398170,0
0.299012,0
0.353352,0
0.385600,0
0.431803,0
0.535684,0
0.608358,0
0.238023,0
0.351160,0
0.285733,0
0.331937,0
0.371178,0
0.392965,0
0.298961,0
0.283662,0
0.331700,0
0.393959,0
0.262482,0
0.286743,0
0.306142,0
0.385673,0
0.627069,0
0.322668,0
0.315942,0
0.428458,0
0.418733,0
0.344481,0
0.345300,0
0.649215,1
0.392204,0
0.647099,0
0.454812,0
0.504657,0
0.286233,0
0.343299,0
0.352656,0
0.315927,0
0.412758,0
0.331332,0
0.267613,0
0.312655,0
0.321046,0
0.688451,1
0.352572,0
0.295849,0
0.338584,0
0.432937,0
0.422056,0
0.302552,0
0.336323,0
0.390001,0
0.328106,0
0.381768,0
0.287543,0
0.408996,0
0.284121,0
0.290092,0
0.294308,0
0.557363,0
0.386109,0
0.325862,1
0.376244,0
0.358006,0
0.307254,0
0.314524,0
0.375539,0
0.434231,1
0.356714,0
0.334087,0
0.330586,0
0.376040,0
0.425008,0
0.336797,0
0.355133,0
0.383324,0
0.385561,0
0.283254,0
0.374437,0
0.358055,0
0.252167,0
0.327843,0
0.332486,0
0.328314,0
0.480267,0
0.320194,0
0.451497,0
0.370410,0
0.368378,0
0.463660,0
0.335621,0
0.402950,0
0.341157,0
0.435325,0
0.335505,0
0.351106,0
0.262410,0
0.366415,0
0.323515,0
0.361226,0
0.362099,0
0.348361,0
0.363668,0
0.421701,0
0.395549,0
0.357667,0
0.359957,0
0.363876,0
0.397407,0
0.374978,0
0.262967,0
0.474745,0
0.538678,1
0.296999,0
0.407004,0
0.351936,0
0.313125,0
0.372829,0
0.301276,0
0.301000,0
0.336640,0
0.991481,1
0.358127,0
0.381963,0
0.484914,0
0.419673,0
0.359165,0
0.401679,0
0.390177,0
0.338350,0
0.351142,0
0.356286,0
0.505651,0
0.371069,0
0.322978,0
0.320931,0
0.378754,0
0.324488,0
0.289117,0
0.434080,0
0.438085,0
0.421987,0
0.364233,0
0.991209,1
0.341551,0
0.297794,0
0.333868,0
0.362056,0
0.276642,0
0.315772,0
0.450496,0
0.277149,0
0.298095,0
0.368210,0
0.343975,0
0.398365,0
0.335004,0
0.338152,0
0.299560,0
0.313763,0
0.501253,0
0.342066,0
0.307643,0
0.397267,0
0.373724,0
0.311699,0
0.295351,0
0.373180,0
0.615248,1
0.378507,0
0.357881,0
0.546364,0
0.319441,0
0.413735,0
0.351626,0
0.334182,0
0.456641,0
0.264332,0
0.992082,1
0.419477,0
0.341384,0
0.381748,0
0.331103,0
0.318657,0
0.330368,0
0.419069,0
0.205339,0
0.340021,0
0.337057,0
0.374897,0
0.436151,0
0.368579,0
0.331872,0
0.327441,0
0.379806,0
0.370385,0
0.406618,0
0.480254,0
0.292992,0
0.349962,0
0.312889,0
0.343791,0
0.266796,0
0.288648,0
0.991386,1
0.383766,0
0.343586,0
0.346359,0
0.370494,0
0.349429,0
0.228095,0
0.373616,0
0.338072,0
0.209341,0
0.320749,0
0.492253,0
0.268989,0
0.314939,0
0.324740,0
0.383238,0
0.263305,0
0.334045,0
0.326008,0
0.282920,0
0.359242,0
0.323528,0
0.394202,0
0.286998,0
0.310068,0
0.271959,0
0.330671,0
0.399667,0
0.285840,0
0.407820,0
0.392999,0
0.302477,0
0.331017,0
0.369341,0
0.355348,0
0.370651,0
0.408455,0
0.314263,0
0.390166,0
0.297982,0
0.328377,0
0.417166,0
0.407602,0
0.282181,0
0.347164,0
0.356895,0
0.308100,0
0.302659,0
0.276396,0
0.317305,0
0.399930,0
0.325935,0
0.372909,0
0.324912,0
0.379286,0
0.410511,0
0.344352,0
0.402678,0
0.395192,0
0.350574,0
0.270152,0
0.256166,0
0.310536,0
0.386222,0
0.284076,0
0.306384,0
0.406381,0
0.288237,0
0.384366,0
0.327351,0
0.346016,0
0.250658,0
0.409958,0
0.412812,0
0.358690,0
0.309660,0
0.454371,0
0.405412,0
0.319735,0
0.449641,0
0.345489,0
0.351777,0
0.307042,0
0.315992,0
0.254464,0
0.300356,0
0.379177,0
0.293537,0
0.349349,0
0.299335,0
0.356044,0
0.321227,0
0.292916,0
0.384172,0
0.306350,0
0.337310,0
0.584673,0
0.556206,0
0.399943,0
0.289751,0
0.621891,0
0.419562,0
0.361816,0
0.319386,0
0.384167,0
0.371819,0
0.348939,0
0.334839,0
0.414802,0
0.351784,0
0.302899,0
0.266841,0
0.333886,0
0.514913,0
0.467505,1
0.414816,0
0.300459,0
0.334843,0
0.350701,0
0.376642,0
0.374385,0
0.388543,0
0.385316,0
0.352440,0
0.991878,1
0.489570,0
0.320268,0
0.342029,0
0.472317,1
0.344556,0
0.706892,0
0.331054,0
0.345343,0
0.387553,1
0.354091,0
0.339855,0
0.370766,0
0.282942,0
0.417619,0
0.352984,0
0.381225,0
0.307336,0
0.479778,0
0.380503,0
0.252512,0
0.369427,0
0.428647,0
0.476971,0
0.447137,0
0.350515,0
0.382512,0
0.333165,0
0.422041,0
0.334069,0
0.374384,0
0.245317,0
0.277697,0
0.522447,1
0.497559,0
0.289658,0
0.332238,0
0.317999,0
0.315466,0
0.273018,0
0.351091,0
0.652003,0
0.346262,0
0.292335,0
0.551980,0
0.383362,0
0.379228,0
0.470651,0
0.367097,0
0.359805,0
0.311733,0
0.318255,0
0.360025,0
0.331339,0
0.307872,0
0.258351,0
0.352923,0
0.396315,0
0.289036,0
0.241338,0
0.301679,0
0.404435,0
0.349662,0
0.364324,0
0.412343,0
0.384226,0
0.308809,0
0.298140,0
0.345727,0
0.343862,0
0.408324,0
0.410764,0
0.383943,0
0.344059,0
0.497236,0
0.369103,0
0.350628,0
0.442805,0
0.338179,0
0.422196,0
0.351685,0
0.342290,0
0.460559,0
0.411604,0
0.367853,0
0.239487,0
0.411740,0
0.323609,0
0.674594,1
0.332260,0
0.346255,0
0.448031,0
0.313388,0
0.395191,0
0.352816,0
0.381352,0
0.341340,0
0.349273,0
0.353866,0
0.999955,1
0.354008,0
0.370872,0
0.379848,0
0.257087,0
0.349340,0
0.999356,1
0.407597,0
0.668008,1
0.361170,0
0.285036,0
0.360241,0
0.310647,0
0.313907,0
0.338419,0
0.287995,0
0.294843,0
0.460237,0
0.325251,0
0.465074,0
0.320466,0
0.458908,0
0.369428,0
0.623273,0
0.314293,0
0.417398,0
0.330602,0
0.327989,0
0.235176,0
0.363541,1
0.332800,0
0.326750,0
0.297514,0
0.376998,0
0.278043,0
0.265751,0
0.338044,0
0.390530,0
0.372629,0
0.280683,0
0.291788,0
0.857194,1
0.496457,0
0.490823,0
0.415166,0
0.359127,0
0.428616,0
0.359631,0
0.393394,0
0.396338,0
0.323846,0
0.337677,0
0.296692,0
0.326319,0
0.383491,0
0.370693,0
0.497105,0
0.440318,0
0.340788,0
0.377159,0
0.347213,0
0.428374,0
0.266600,0
0.374780,0
0.433789,0
0.307804,0
0.310285,0
0.237862,0
0.322079,0
0.301932,0
0.394620,0
0.403746,0
0.315415,0
0.288719,0
0.328875,0
0.363757,0
0.310884,0
0.369158,0
0.321471,0
0.366024,0
0.348370,0
0.392371,0
0.359582,0
0.323339,0
0.403248,0
0.647435,1
0.306653,0
0.346498,0
0.329300,0
0.322860,0
0.226353,0
0.349875,0
0.387779,0
0.337066,0
0.397866,0
0.398608,1
0.346505,0
0.348808,0
0.414364,0
0.445990,0
0.361757,0
0.305434,0
0.316847,0
0.343192,0
0.320111,0
0.351744,0
0.337455,0
0.339012,0
0.666501,1
0.315114,0
0.373466,0
0.354836,0
0.991422,1
0.307546,0
0.464082,0
0.376840,0
0.341976,0
0.326708,0
0.422877,0
0.424463,0
0.397562,0
0.353479,0
0.386798,0
0.443845,0
0.402032,0
0.348432,0
0.367744,0
0.449853,0
0.516681,1
0.346062,0
0.321988,0
0.334716,0
0.351297,0
0.326383,0
0.395203,0
0.475261,1
0.351075,0
0.358036,0
0.314189,0
0.373711,0
0.999955,1
0.329172,0
0.431760,0
0.406607,0
0.574453,0
0.331765,0
0.419671,0
0.325466,0
0.999744,1
0.423825,0
0.325789,0
0.336010,0
0.370026,0
0.330334,0
0.235055,0
0.425537,0
0.424478,0
0.334158,0
0.323142,0
0.363079,0
0.382741,0
0.422578,0
0.419082,0
0.325944,0
0.426544,0
0.307609,0
0.318619,0
0.427281,0
0.382145,0
0.323070,0
0.505392,0
0.291616,0
0.372988,0
0.488418,0
0.349653,0
0.311641,0
0.372844,0
0.318852,0
0.300763,0
0.367578,0
0.314222,0
0.321882,0
0.382370,0
0.330443,0
0.358429,0
0.457752,0
0.326979,0
0.296448,0
0.333468,0
0.398941,0
0.299401,0
0.407829,1
0.346643,0
0.424013,0
0.400324,0
0.326553,0
0.399325,0
0.526329,0
0.314889,0
0.264308,0
0.343845,0
0.351205,0
0.410115,0
0.319567,0
0.420725,0
0.776799,1
0.585490,0
0.401646,0
0.247861,0
0.289147,0
0.294951,0
0.504581,0
0.738803,1
0.363571,0
0.296980,0
0.343763,0
0.368042,0
0.373285,0
0.296566,0
0.321276,0
0.346937,0
0.362022,0
0.379307,0
0.410163,0
0.310374,0
0.235585,0
0.315555,0
0.317268,0
0.263177,0
0.344878,0
0.385031,0
0.357867,0
0.305723,0
0.385416,0
0.330823,0
0.268905,0
0.341106,0
0.340722,0
0.307056,0
0.446849,0
0.263430,0
0.413764,0
0.327993,0
0.441748,0
0.300061,0
0.361625,0
0.373916,0
0.317916,0
0.339890,0
0.394322,0
0.331675,0
0.323468,0
0.410727,0
0.671601,0
0.366312,0
0.343934,0
0.282482,0
0.508180,1
0.299164,0
0.388310,0
0.347273,0
0.398770,0
0.348562,0
0.376591,0
0.342166,0
0.357061,0
0.495895,0
0.403334,0
0.352811,0
0.366192,0
0.323189,0
0.991734,1
0.290302,0
0.333399,0
0.372339,0
0.273547,0
0.349923,0
0.289445,0
0.401458,0
0.311457,0
0.308315,0
0.297170,0
0.279161,0
0.320528,0
0.317855,0
0.226882,0
0.884164,1
0.393099,0
0.377961,0
0.374995,0
0.324698,0
0.267518,0
0.367184,0
0.332574,0
0.341214,0
0.285419,0
0.418599,0
0.369881,0
0.281894,0
0.317025,0
0.374587,0
0.217292,0
0.347041,0
0.362829,0
0.314250,0
0.404088,0
0.497575,1
0.329676,0
0.353628,0
0.289973,1
0.365659,0
0.347072,0
0.246520,0
0.315196,0
0.487527,0
0.338832,0
0.366970,0
0.626503,1
0.424767,0
0.203078,0
0.338299,0
0.295362,0
0.330206,0
0.377266,0
0.331023,0
0.365095,0
0.344596,0
0.415729,0
0.350824,0
0.398898,1
0.322018,0
0.349812,0
0.259495,0
0.344598,0
0.397881,0
0.363699,0
0.320062,0
0.395316,0
0.311283,0
0.373106,0
0.356877,0
0.315444,0
0.356140,0
0.254925,0
0.322479,0
0.400872,0
0.992981,1
0.385657,0
0.991908,1
0.319728,0
0.543484,0
0.516852,0
0.754809,1
0.349380,0
0.761232,1
0.296241,0
0.371067,0
0.358646,0
0.455667,0
0.322183,0
0.403377,0
0.409474,0
0.447247,0
0.401477,0
0.283289,0
0.310441,0
0.365966,0
0.343223,0
0.347950,0
0.294154,0
0.264787,0
0.342969,0
0.469656,0
0.300365,0
0.355566,0
0.317675,0
0.319254,0
0.377516,0
0.341644,0
0.446404,0
0.317809,0
0.294333,0
0.312518,0
0.358109,0
0.303546,0
0.367170,0
0.350571,0
0.255398,0
0.441011,0
0.330177,0
0.331916,0
0.417495,0
0.377885,0
0.364245,0
0.333528,0
0.382119,0
0.401219,0
0.398660,0
0.412961,0
0.307723,0
0.384789,0
0.397696,1
0.378010,0
0.411884,0
0.247839,0
0.316100,0
0.294141,0
0.330036,0
0.311092,0
0.296049,0
0.342861,0
0.312707,0
0.319011,0
0.354299,0
0.301779,0
0.381374,0
0.338898,0
0.451002,0
0.364852,0
0.675421,1
0.279110,0
0.281282,0
0.377378,0
0.311031,0
0.322625,0
0.401620,0
0.493306,0
0.387667,1
0.345474,0
0.390855,1
0.328875,0
0.384361,0
0.413230,0
0.380104,0
0.271377,0
0.316895,0
0.316481,0
0.353650,0
0.299576,0
0.402567,0
0.364626,0
0.346559,0
0.303322,0
0.311662,0
0.299208,0
0.412486,0
0.338890,0
0.919107,1
0.322895,0
0.365553,0
0.385265,0
0.363220,1
0.525992,0
0.999955,1
0.270267,0
0.377893,0
0.462640,0
0.444227,0
0.335251,0
0.311158,0
0.360079,0
0.267751,0
0.391964,0
0.381134,0
0.333930,0
0.487959,0
0.350020,0
0.319686,0
0.366976,0
0.400601,0
0.351994,0
0.729131,1
0.306727,0
0.290325,0
0.320949,0
0.338581,0
0.331661,0
0.341676,0
0.301128,0
0.323323,0
0.338440,0
0.445062,0
0.298405,1
0.346983,0
0.307715,0
0.315609,0
0.379219,0
0.267668,0
0.331076,0
0.395187,0
0.400694,0
0.386177,0
0.379379,0
0.327677,0
0.271953,0
0.337307,0
0.354939,0
0.992034,1
0.321145,0
0.404309,0
0.308627,0
0.327573,0
0.265332,0
0.524196,0
0.431114,0
0.328587,0
0.366346,0
0.378131,0
0.373488,0
0.312741,0
0.349770,0
0.991557,1
0.378997,0
0.339794,0
0.310946,0
0.435007,0
0.299034,0
0.387465,0
0.368583,0
0.426480,0
0.375249,0
0.389424,0
0.680971,1
0.301878,0
0.396533,0
0.311850,0
0.334291,0
0.322436,0
0.388239,0
0.376648,0
0.294036,0
0.325008,0
0.283805,0
0.378379,0
0.289238,0
0.318761,0
0.382089,0
0.376022,0
0.377242,0
0.267492,0
0.569220,1
0.383152,0
0.332065,0
0.323736,0
0.415785,0
0.381295,0
0.329220,0
0.369864,0
0.373803,0
0.324100,0
0.308074,0
0.320915,0
0.405295,0
0.308238,0
0.363220,0
0.320306,0
0.416488,0
0.317233,0
0.417826,0
0.401706,0
0.353519,0
0.342594,0
0.430359,0
0.366599,0
0.485559,1
0.251966,0
0.392676,0
0.345621,0
0.357289,0
0.386085,0
0.278008,0
0.411221,0
0.366158,0
0.352110,0
0.346321,0
0.350026,0
0.351160,0
0.458617,0
0.306850,0
0.290103,0
0.332205,0
0.412932,0
0.351068,0
0.369932,0
0.288291,0
0.452583,0
0.337491,0
0.376335,0
0.272776,0
0.328950,0
0.345704,0
0.401205,1
0.336285,0
0.540764,0
0.991666,1
0.477340,0
0.395280,0
0.363023,0
0.408747,0
0.255561,0
0.313751,0
0.353436,0
0.305103,0
0.303209,0
0.455722,0
0.351184,0
0.423949,1
0.368810,0
0.394107,0
0.473662,0
0.606333,0
0.366221,0
0.466514,1
0.344552,0
0.270159,0
0.367653,0
0.436841,1
0.305607,0
0.312007,0
0.359105,0
0.334434,0
0.420951,0
0.332628,0
0.491809,0
0.295505,0
0.363475,0
0.388476,0
0.380264,0
0.373334,0
0.334673,0
0.358806,0
0.393878,0
0.327893,0
0.297053,0
0.385823,0
0.375836,0
0.282469,0
0.458953,0
0.331864,0
0.506115,0
0.382523,0
0.711549,1
0.361777,0
0.367446,0
0.307712,0
0.607055,1
0.376379,0
0.383842,0
0.330316,0
0.371887,0
0.991916,1
0.322367,0
0.288953,0
0.265786,0
0.363402,0
0.349193,0
0.484876,0
0.459364,0
0.361540,0
0.410467,0
0.311074,0
0.389941,0
0.372077,0
0.355223,0
0.319557,0
0.302522,0
0.424034,0
0.243642,0
0.360559,0
0.342649,0
0.366501,0
0.341459,0
0.296982,0
0.340999,0
0.554358,0
0.309539,0
0.216630,0
0.336791,0
0.369313,0
0.378100,0
0.337125,0
0.286801,0
0.325071,0
0.248423,0
0.389099,0
0.291861,0
0.349986,0
0.370729,0
0.335655,0
0.264905,0
0.299882,0
0.395229,0
0.322250,0
0.382920,0
0.417655,0
0.452704,0
0.407140,0
0.305848,0
0.329053,0
0.312990,0
0.260602,0
0.276396,0
0.542002,1
0.300762,0
0.395586,0
0.387846,0
0.405692,0
0.307854,0
0.371240,1
0.335116,0
0.358973,0
0.309171,0
0.313028,0
0.310010,0
0.323746,0
0.334746,0
0.285443,0
0.359004,0
0.334258,0
0.428423,0
0.329117,0
0.254375,0
0.281028,0
0.325180,0
0.381324,0
0.399175,0
0.382414,0
0.289721,0
0.408757,0
0.382435,0
0.463813,0
0.368357,0
0.437913,0
0.341068,0
0.407937,0
0.364176,0
0.404911,0
0.342013,0
0.342672,0
0.991408,1
0.315463,0
0.400008,0
0.318118,0
0.279697,0
0.353477,0
0.352402,0
0.360105,0
0.462710,0
0.363835,0
0.318047,0
0.310145,0
0.414272,1
0.409443,0
0.384511,0
0.290241,0
0.446052,0
0.489950,0
0.303094,0
0.536970,0
0.997771,1
0.378473,0
0.341894,0
0.522499,1
0.500916,0
0.629272,1
0.338711,0
0.382751,0
0.296059,0
0.370256,0
0.350577,0
0.350660,0
0.410267,0
0.303926,0
0.378307,0
0.356952,0
0.318931,0
0.304523,0
0.405563,0
0.327840,0
0.323832,0
0.555139,0
0.373153,0
0.345798,0
0.312739,0
0.419182,0
0.321799,0
0.321368,0
0.369586,0
0.532594,0
0.335277,0
0.359216,0
0.340324,0
0.512785,0
0.350426,0
0.589470,0
0.317357,0
0.275438,0
0.315874,0
0.345641,0
0.323822,0
0.343035,0
0.356733,0
0.283512,0
0.457475,0
0.303462,0
0.306121,0
0.289177,0
0.288638,0
0.339219,0
0.347536,0
0.456639,0
0.325072,0
0.325847,0
0.333170,0
0.313627,0
0.299997,0
0.313047,0
0.313960,0
0.383129,0
0.309050,0
0.275700,0
0.301151,0
0.419916,0
0.301861,0
0.344566,0
0.298992,0
0.348811,0
0.410214,0
0.373303,0
0.305309,0
0.326516,0
0.387252,0
0.583515,0
0.438594,0
0.248742,0
0.348089,0
0.353027,0
0.362361,0
0.352093,0
0.523564,0
0.436423,0
0.351031,1
0.293763,0
0.417432,0
0.398174,0
0.407046,0
0.341574,0
0.384018,0
0.357282,0
0.266268,0
0.642412,0
0.321498,0
0.321183,0
0.430917,0
0.425586,0
0.371647,0
0.283137,0
0.378737,0
0.338931,0
0.400169,0
0.353571,0
0.354374,0
0.334344,0
0.381229,0
0.467224,0
0.372095,0
0.404751,0
0.399969,0
0.403172,0
0.343182,0
0.289310,0
0.409473,0
0.383130,0
0.359477,0
0.302393,0
0.281913,0
0.410832,0
0.270758,0
0.485644,0
0.324760,0
0.338298,0
0.282583,0
0.340119,0
0.300052,0
0.343006,0
0.356662,0
0.371986,0
0.315617,0
0.385076,0
0.346438,0
0.369811,0
0.583267,0
0.407670,0
0.310386,0
0.330057,0
0.488969,0
0.326957,0
0.377101,0
0.393030,0
0.679986,1
0.380024,0
0.292282,0
0.343462,0
0.334442,0
0.319103,0
0.299247,0
0.405054,0
0.382305,0
0.410914,0
0.306381,0
0.307731,0
0.566329,0
0.344376,0
0.325892,0
0.248480,0
0.384708,0
0.752005,1
0.378388,0
0.340266,0
0.297044,0
0.390117,0
0.340877,0
0.343985,0
0.321136,0
0.380442,0
0.267010,0
0.343757,0
0.273043,0
0.305481,0
0.379133,0
0.304803,0
0.320717,0
0.291782,0
0.346840,0
0.574520,1
0.369146,0
0.351877,0
0.338643,0
0.336825,0
0.344000,0
0.301058,0
0.389213,0
0.337054,0
0.303636,0
0.334885,0
0.404436,0
0.421501,0
0.355182,0
0.382094,0
0.332826,0
0.370938,0
0.307146,0
0.351711,0
0.323986,0
0.349186,0
0.266151,0
0.376269,0
0.413626,0
0.267976,0
0.294989,0
0.433626,0
0.314896,0
0.378105,0
0.288522,0
0.368203,0
0.346817,0
0.356396,0
0.307371,0
0.390029,1
0.355723,0
0.386254,0
0.342933,0
0.332718,0
0.357115,0
0.517758,0
0.327280,0
0.317914,0
0.459666,0
0.256850,0
0.304371,0
0.332351,0
0.329870,0
0.396211,0
0.302550,0
0.388022,0
0.296245,0
0.335599,0
0.989961,1
0.422190,0
0.304595,0
0.306125,0
0.427826,0
0.360581,0
0.308066,0
0.463154,0
0.400365,0
0.314542,0
0.367465,0
0.308005,0
0.403718,0
0.328669,0
0.377553,0
0.327719,0
0.288816,0
0.357180,0
0.354364,0
0.434438,0
0.323817,0
0.291624,0
0.359535,0
0.317977,0
0.383045,0
0.330402,0
0.257309,0
0.241565,0
0.345329,0
0.184808,0
0.386227,1
0.747790,1
0.314484,0
0.413950,0
0.369730,0
0.329369,0
0.376387,0
0.453619,1
0.344627,0
0.478229,1
0.430491,0
0.346413,0
0.343518,0
0.428460,0
0.300466,0
0.287573,0
0.414639,0
0.378042,0
0.352030,0
0.287027,0
0.335587,0
0.397085,0
0.649287,1
0.283826,0
0.439715,0
0.308662,0
0.351595,0
0.254915,0
0.303814,0
0.367900,0
0.388238,0
0.280503,0
0.371995,0
0.307497,0
0.991809,1
0.332675,0
0.313611,0
0.459746,0
0.445886,0
0.400590,0
0.294804,0
0.545979,1
0.354612,0
0.329866,0
0.361594,0
0.301552,0
0.302679,0
0.319061,1
0.302617,0
0.282403,0
0.991281,1
0.322731,0
0.314063,0
0.362492,0
0.366484,0
0.438635,0
0.473190,0
0.401037,0
0.265795,0
0.458410,0
0.386702,0
0.325380,0
0.562358,0
0.326492,0
0.445966,0
0.354203,0
0.438630,0
0.650151,1
0.238155,0
0.307413,0
0.331811,0
0.376918,0
0.307275,0
0.292258,0
0.281711,0
0.289613,0
0.788799,1
0.279674,0
0.293026,0
0.423469,0
0.385445,0
0.372620,0
0.400689,0
0.478489,0
0.465587,0
0.308763,0
0.251196,0
0.361809,0
0.377058,0
0.329591,0
0.265382,0
0.632222,0
0.269482,0
0.434878,0
0.332185,0
0.324284,0
0.299811,0
0.438186,0
0.276802,0
0.355224,0
0.348479,0
0.374635,0
0.392581,0
0.346194,0
0.310329,0
0.378279,0
0.328212,0
0.340537,0
0.288129,0
0.599288,0
0.434669,0
0.434508,0
0.445067,0
0.322532,0
0.459595,0
0.328702,0
0.319457,0
0.391368,0
0.316004,0
0.403531,0
0.351891,0
0.396970,0
0.580052,0
0.421792,0
0.458418,0
0.342886,0
0.326122,0
0.333174,0
0.277340,0
0.287690,0
0.343607,0
0.368610,0
0.360950,0
0.372423,0
0.299869,0
0.447506,0
0.289482,0
0.357242,0
0.395076,1
0.378821,0
0.374264,0
0.410890,0
0.361568,0
0.259063,0
0.289962,0
0.386894,0
0.329598,0
0.399398,0
0.326312,0
0.472784,0
0.377938,0
0.448262,0
0.400307,0
0.297062,0
0.336302,0
0.390048,0
0.316246,0
0.345914,0
0.379324,0
0.427316,0
0.366787,0
0.366602,0
0.329601,0
0.364629,0
0.306281,0
0.428398,0
0.372581,0
0.363614,0
0.259970,0
0.325759,0
0.326318,0
0.957945,1
0.334208,0
0.381528,0
0.357988,0
0.296973,0
0.321515,0
0.365956,0
0.991894,1
0.298820,0
0.314497,0
0.319661,0
0.461362,0
0.291581,0
0.321943,0
0.353068,0
0.480372,0
0.506858,0
0.378022,0
0.336751,0
0.404374,0
0.314900,0
0.345229,0
0.393276,0
0.331420,0
0.377452,0
0.321481,0
0.378023,0
0.348332,0
0.370037,0
0.357388,0
0.319465,0
0.391739,0
0.361904,0
0.407036,0
0.249169,0
0.343959,0
0.477906,0
0.455243,1
0.308445,0
0.276415,0
0.340562,0
0.372066,0
0.326935,0
0.238777,0
0.334392,0
0.336773,0
0.656957,0
0.358716,0
0.317293,0
0.491483,0
0.388222,0
0.331209,0
0.276239,0
0.391052,0
0.260617,0
0.313311,0
0.330473,0
0.327746,0
0.272780,0
0.467903,0
0.436178,0
0.435124,0
0.378922,0
0.400660,0
0.365561,0
0.666900,1
0.270115,0
0.255585,0
0.350782,0
0.328458,1
0.319883,0
0.403183,0
0.290839,0
0.410365,0
0.878398,1
0.358026,0
0.303996,0
0.355031,0
0.400526,0
0.447317,0
0.321922,0
0.627893,0
0.321713,0
0.317662,0
0.999333,1
0.348054,0
0.353035,0
0.315445,0
0.373493,0
0.326397,0
0.520473,0
0.817413,0
0.331805,0
0.306295,0
0.263405,0
0.381281,0
0.287627,0
0.556479,0
0.286927,0
0.421331,0
0.321832,0
0.363962,0
0.404811,0
0.403264,0
0.329554,0
0.467879,0
0.266209,0
0.306057,0
0.331556,0
0.487854,0
0.402838,0
0.319057,0
0.283888,0
0.316919,0
0.415837,0
0.378140,0
0.368940,0
0.314756,0
0.515281,1
0.379746,0
0.342039,0
0.225505,0
0.286207,0
0.318737,0
0.370376,0
0.328421,0
0.245884,0
0.313089,0
0.347196,0
0.291861,0
0.269480,0
0.385174,0
0.403903,0
0.369673,0
0.364847,0
0.382125,0
0.273551,0
0.442843,0
0.394749,0
0.324834,0
0.392928,0
0.424715,0
0.353486,0
0.339869,0
0.285220,0
0.306398,0
0.334699,0
0.446525,0
0.295157,0
0.389345,0
0.462005,1
0.713009,1
0.999955,1
0.318842,0
0.356475,0
0.452659,1
0.344687,0
0.324952,0
0.425562,0
0.217949,0
0.322305,0
0.388147,0
0.329330,0
0.298453,0
0.628480,1
0.288053,0
0.299563,0
0.395687,0
0.353056,0
0.279353,0
0.312464,0
0.346104,0
0.337220,0
0.286366,0
0.526127,0
0.330491,0
0.373043,0
0.410041,0
0.352417,0
0.357050,0
0.324491,0
0.287116,0
0.354886,0
0.310809,0
0.297292,0
0.326499,0
0.385612,0
0.326491,0
0.376723,0
0.355421,0
0.525461,0
0.388403,0
0.991804,1
0.401729,0
0.327560,0
0.332131,0
0.314228,0
0.307001,0
0.324641,0
0.355308,0
0.364843,0
0.437888,0
0.504496,1
0.359360,0
0.440765,0
0.402171,0
0.411637,0
0.312658,0
0.658858,0
0.342002,0
0.414190,0
0.335132,0
0.296958,0
0.363370,0
0.359535,0
0.430306,0
0.409077,0
0.334655,0
0.367713,0
0.326546,0
0.366877,0
0.345585,0
0.346394,0
0.404803,0
0.353297,0
0.359752,0
0.336122,0
0.345118,0
0.371557,0
0.999955,1
0.408439,0
0.400228,0
0.292967,0
0.329987,0
0.551077,1
0.420800,0
0.369359,0
0.378741,0
0.358791,0
0.398665,0
0.336399,0
0.429142,0
0.329978,0
0.382238,0
0.378080,0
0.410029,0
0.286425,0
0.347907,0
0.332396,0
0.317549,0
0.307825,0
0.253393,0
0.366919,0
0.298374,0
0.349816,0
0.364803,0
0.297575,0
0.295283,0
0.337240,0
0.340975,0
0.301171,0
0.301322,0
0.357657,0
0.389596,0
0.370666,0
0.474803,1
0.263311,0
0.369562,0
0.641509,1
0.321978,0
0.999797,1
0.284502,0
0.374134,0
0.473806,0
0.321214,0
0.355392,0
0.324731,0
0.372942,0
0.262637,0
0.260605,0
0.359555,0
0.475241,0
0.372720,0
0.633829,0
0.556195,0
0.401120,0
0.991855,1
0.384849,0
0.351319,1
0.333100,0
0.396094,0
0.476274,0
0.420858,0
0.297828,0
0.366752,0
0.298583,0
0.348369,0
0.288982,0
0.339402,0
0.301187,0
0.426839,0
0.329979,0
0.370587,0
0.318223,0
0.331701,0
0.292306,0
0.318087,0
0.284607,0
0.340511,0
0.287554,0
0.360634,0
0.364145,0
0.325374,0
0.991347,1
0.274245,0
0.389428,0
0.316865,0
0.411093,0
0.344990,0
0.331432,0
0.372604,0
0.333884,0
0.288782,0
0.280950,0
0.715021,1
0.395282,0
0.282173,0
0.340952,0
0.306765,0
0.487619,0
0.328932,0
0.234554,0
0.371152,0
0.345979,0
0.300823,0
0.338608,0
0.340615,0
0.249157,0
0.334380,0
0.252918,0
0.329746,0
0.367004,0
0.311569,0
0.244088,0
0.304759,0
0.306014,0
0.421028,0
0.239727,0
0.288513,0
0.975293,1
0.336427,0
0.390569,0
0.393583,0
0.353936,0
0.669981,1
0.288430,0
0.280991,0
0.328951,0
0.315674,0
0.357705,0
0.425863,0
0.372459,0
0.416634,0
0.248658,0
0.338783,0
0.464221,0
0.304850,0
0.317735,0
0.318154,0
0.381021,0
0.302760,0
0.304698,0
0.536400,0
0.389532,0
0.358261,0
0.363796,0
0.280569,0
0.324611,0
0.392042,0
0.432860,0
0.313626,0
0.327294,0
0.364317,0
0.372206,0
0.294113,0
0.990171,1
0.485015,0
0.363259,0
0.373499,0
0.344039,0
0.991515,1
0.253635,0
0.307705,0
0.455326,0
0.999079,1
0.482713,0
0.333752,0
0.302185,0
0.300710,0
0.354614,0
0.202240,0
0.396960,0
0.301158,0
0.319319,0
0.266672,0
0.430522,0
0.405342,0
0.409967,0
0.304610,0
0.375105,0
0.314961,0
0.395131,0
0.411995,0
0.289149,0
0.278454,0
0.365960,0
0.493495,0
0.352625,0
0.394565,0
0.366976,0
0.284121,0
0.304608,0
0.360364,0
0.393841,0
0.299169,0
0.520847,1
0.311470,0
0.373199,0
0.388107,0
0.387745,0
0.323237,0
0.370048,0
0.348104,0
0.391724,0
0.230040,0
